{"options":{"check_for_updates":true,"comment":null,"compatopts_for_requires":true,"compat_wrappedjsobject":false,"compat_metadata":false,"compat_foreach":false,"compat_arrayleft":false,"compat_uW_gmonkey":false,"compat_forvarin":false,"noframes":null,"awareOfChrome":false,"run_at":null,"override":{"merge_connects":true,"merge_excludes":true,"merge_includes":true,"merge_matches":true,"orig_excludes":[],"orig_includes":[],"orig_matches":["https://jiamitu.mi.com/home*"],"orig_noframes":null,"orig_run_at":"document-idle","use_blockers":[],"use_connects":[],"use_excludes":[],"use_includes":[],"use_matches":[],"orig_connects":[]}},"settings":{"enabled":true,"position":2},"meta":{"name":"小米加密兔辅助","uuid":"d5c1e2a0-83f5-47d6-b91e-d345079bdccc","modified":1521863713663,"file_url":"https://github.com/Mars-Shen/XiaoMi-JiaMiTu-Tools/raw/master/src/%E5%B0%8F%E7%B1%B3%E5%8A%A0%E5%AF%86%E5%85%94%E8%BE%85%E5%8A%A9.user.js"}}